<?xml version="1.0" encoding="UTF-8"?>
<project-private xmlns="http://www.netbeans.org/ns/project-private/1">
    <editor-bookmarks xmlns="http://www.netbeans.org/ns/editor-bookmarks/2" lastBookmarkId="0"/>
    <open-files xmlns="http://www.netbeans.org/ns/projectui-open-files/2">
        <group>
            <file>file:/C:/prg/myapps/ProgettoGAP/src/RegistroEStatisticheAffitti.java</file>
            <file>file:/C:/prg/myapps/ProgettoGAP/src/IstogrammaVisualeRicavi.java</file>
            <file>file:/C:/prg/myapps/ProgettoGAP/src/LogDiNavigazioneGUI.java</file>
            <file>file:/C:/prg/myapps/ProgettoGAP/src/InserimentoAffitti.java</file>
            <file>file:/C:/prg/myapps/ProgettoGAP/src/GraficoTortaVisualeAffitti.java</file>
            <file>file:/C:/prg/myapps/ProgettoGAP/src/Affitto.java</file>
            <file>file:/C:/prg/myapps/ProgettoGAP/src/Configurazione.java</file>
            <file>file:/C:/prg/myapps/ProgettoGAP/src/GestioneParametriDiConfigurazione.java</file>
            <file>file:/C:/prg/myapps/ProgettoGAP/src/AvvioGAP.java</file>
            <file>file:/C:/prg/myapps/ProgettoGAP/src/TabellaVisualeAffitti.java</file>
            <file>file:/C:/prg/myapps/ProgettoGAP/src/AreaNotifiche.java</file>
            <file>file:/C:/prg/myapps/ProgettoGAP/src/ArchivioAffitti.java</file>
            <file>file:/C:/prg/myapps/ProgettoGAP/src/CacheInserimentiNonValidati.java</file>
            <file>file:/C:/prg/myapps/ProgettoGAP/src/DatiFormInserimento.java</file>
            <file>file:/C:/prg/myapps/ProgettoGAP/src/EventoDiNavigazioneGUI.java</file>
        </group>
    </open-files>
</project-private>
