<!-- File di Log -->

<EventoDiNavigazioneGUI>
  <timestamp>21 febbraio 2019 15:57:32.78</timestamp>
  <indirizzoIP>196.0.0.2</indirizzoIP>
  <oggetto>Finestra</oggetto>
  <evento>APERTURA</evento>
  <esito>Applicazione avviata con successo</esito>
</EventoDiNavigazioneGUI>

<EventoDiNavigazioneGUI>
  <timestamp>21 febbraio 2019 15:57:44.01</timestamp>
  <indirizzoIP>196.0.0.2</indirizzoIP>
  <oggetto>Grafico a Torta</oggetto>
  <evento>DETTAGLI STATISTICHE</evento>
  <esito>Notificati i dettagli</esito>
</EventoDiNavigazioneGUI>

<EventoDiNavigazioneGUI>
  <timestamp>21 febbraio 2019 15:57:47.76</timestamp>
  <indirizzoIP>196.0.0.2</indirizzoIP>
  <oggetto>Finestra</oggetto>
  <evento>CHIUSURA</evento>
  <esito>Applicazione chiusa con successo</esito>
</EventoDiNavigazioneGUI>

<EventoDiNavigazioneGUI>
  <timestamp>21 febbraio 2019 18:05:30.36</timestamp>
  <indirizzoIP>196.0.0.2</indirizzoIP>
  <oggetto>Finestra</oggetto>
  <evento>APERTURA</evento>
  <esito>Applicazione avviata con successo</esito>
</EventoDiNavigazioneGUI>

<EventoDiNavigazioneGUI>
  <timestamp>21 febbraio 2019 18:05:31.37</timestamp>
  <indirizzoIP>196.0.0.2</indirizzoIP>
  <oggetto>Tabella affitti</oggetto>
  <evento>SELEZIONE RIGA</evento>
  <esito>Riga della tabella selezionata</esito>
</EventoDiNavigazioneGUI>

<EventoDiNavigazioneGUI>
  <timestamp>21 febbraio 2019 18:05:31.82</timestamp>
  <indirizzoIP>196.0.0.2</indirizzoIP>
  <oggetto>Tabella affitti</oggetto>
  <evento>SELEZIONE RIGA</evento>
  <esito>Riga della tabella selezionata</esito>
</EventoDiNavigazioneGUI>

<EventoDiNavigazioneGUI>
  <timestamp>21 febbraio 2019 18:05:32.19</timestamp>
  <indirizzoIP>196.0.0.2</indirizzoIP>
  <oggetto>Tabella affitti</oggetto>
  <evento>SELEZIONE RIGA</evento>
  <esito>Riga della tabella selezionata</esito>
</EventoDiNavigazioneGUI>

<EventoDiNavigazioneGUI>
  <timestamp>21 febbraio 2019 18:05:33.63</timestamp>
  <indirizzoIP>196.0.0.2</indirizzoIP>
  <oggetto>Bottone Inserimento Affitto</oggetto>
  <evento>INSERISCI AFFITTO</evento>
  <esito>Affitto inserito con successo</esito>
</EventoDiNavigazioneGUI>

<EventoDiNavigazioneGUI>
  <timestamp>21 febbraio 2019 18:05:39.92</timestamp>
  <indirizzoIP>196.0.0.2</indirizzoIP>
  <oggetto>DataPicker Al</oggetto>
  <evento>AGGIORNA STATISTICHE</evento>
  <esito>Statistiche Aggiornate</esito>
</EventoDiNavigazioneGUI>

<EventoDiNavigazioneGUI>
  <timestamp>21 febbraio 2019 18:05:41.58</timestamp>
  <indirizzoIP>196.0.0.2</indirizzoIP>
  <oggetto>Tabella affitti</oggetto>
  <evento>SELEZIONE RIGA</evento>
  <esito>Riga della tabella selezionata</esito>
</EventoDiNavigazioneGUI>

<EventoDiNavigazioneGUI>
  <timestamp>21 febbraio 2019 18:05:43.93</timestamp>
  <indirizzoIP>196.0.0.2</indirizzoIP>
  <oggetto>
Prenotazione eliminata con successo</oggetto>
  <evento>ELIMINA PRENOTAZIONE</evento>
  <esito>Affitto eliminato con successo</esito>
</EventoDiNavigazioneGUI>

<EventoDiNavigazioneGUI>
  <timestamp>21 febbraio 2019 18:05:45.39</timestamp>
  <indirizzoIP>196.0.0.2</indirizzoIP>
  <oggetto>Bottone Inserimento Affitto</oggetto>
  <evento>INSERISCI AFFITTO</evento>
  <esito>Affitto inserito con successo</esito>
</EventoDiNavigazioneGUI>

<EventoDiNavigazioneGUI>
  <timestamp>21 febbraio 2019 18:05:47.54</timestamp>
  <indirizzoIP>196.0.0.2</indirizzoIP>
  <oggetto>Bottone Inserimento Affitto</oggetto>
  <evento>INSERISCI AFFITTO</evento>
  <esito>Data occupata o non valida</esito>
</EventoDiNavigazioneGUI>

<EventoDiNavigazioneGUI>
  <timestamp>21 febbraio 2019 18:05:48.39</timestamp>
  <indirizzoIP>196.0.0.2</indirizzoIP>
  <oggetto>Tabella affitti</oggetto>
  <evento>SELEZIONE RIGA</evento>
  <esito>Riga della tabella selezionata</esito>
</EventoDiNavigazioneGUI>

<EventoDiNavigazioneGUI>
  <timestamp>21 febbraio 2019 18:05:49.32</timestamp>
  <indirizzoIP>196.0.0.2</indirizzoIP>
  <oggetto>
Prenotazione eliminata con successo</oggetto>
  <evento>ELIMINA PRENOTAZIONE</evento>
  <esito>Affitto eliminato con successo</esito>
</EventoDiNavigazioneGUI>

<EventoDiNavigazioneGUI>
  <timestamp>21 febbraio 2019 18:05:50.74</timestamp>
  <indirizzoIP>196.0.0.2</indirizzoIP>
  <oggetto>Tabella affitti</oggetto>
  <evento>SELEZIONE RIGA</evento>
  <esito>Riga della tabella selezionata</esito>
</EventoDiNavigazioneGUI>

<EventoDiNavigazioneGUI>
  <timestamp>21 febbraio 2019 18:05:51.36</timestamp>
  <indirizzoIP>196.0.0.2</indirizzoIP>
  <oggetto>Bottone Elimina Prenotazione</oggetto>
  <evento>ELIMINA PRENOTAZIONE</evento>
  <esito>Prenotazione non selezionata</esito>
</EventoDiNavigazioneGUI>

<EventoDiNavigazioneGUI>
  <timestamp>21 febbraio 2019 18:05:56.36</timestamp>
  <indirizzoIP>196.0.0.2</indirizzoIP>
  <oggetto>Bottone Inserimento Affitto</oggetto>
  <evento>INSERISCI AFFITTO</evento>
  <esito>Alcuni dati non inseriti</esito>
</EventoDiNavigazioneGUI>

<EventoDiNavigazioneGUI>
  <timestamp>21 febbraio 2019 18:06:02.29</timestamp>
  <indirizzoIP>196.0.0.2</indirizzoIP>
  <oggetto>Bottone Inserimento Affitto</oggetto>
  <evento>INSERISCI AFFITTO</evento>
  <esito>Alcuni dati non inseriti</esito>
</EventoDiNavigazioneGUI>

<EventoDiNavigazioneGUI>
  <timestamp>21 febbraio 2019 18:06:05.97</timestamp>
  <indirizzoIP>196.0.0.2</indirizzoIP>
  <oggetto>Bottone Inserimento Affitto</oggetto>
  <evento>INSERISCI AFFITTO</evento>
  <esito>L&apos;affitto giornaliero non e&apos; un numero</esito>
</EventoDiNavigazioneGUI>

<EventoDiNavigazioneGUI>
  <timestamp>21 febbraio 2019 18:06:15.96</timestamp>
  <indirizzoIP>196.0.0.2</indirizzoIP>
  <oggetto>Bottone Inserimento Affitto</oggetto>
  <evento>INSERISCI AFFITTO</evento>
  <esito>Data occupata o non valida</esito>
</EventoDiNavigazioneGUI>

<EventoDiNavigazioneGUI>
  <timestamp>21 febbraio 2019 18:06:18.15</timestamp>
  <indirizzoIP>196.0.0.2</indirizzoIP>
  <oggetto>Grafico a Torta</oggetto>
  <evento>DETTAGLI STATISTICHE</evento>
  <esito>Notificati i dettagli</esito>
</EventoDiNavigazioneGUI>

<EventoDiNavigazioneGUI>
  <timestamp>21 febbraio 2019 18:06:18.57</timestamp>
  <indirizzoIP>196.0.0.2</indirizzoIP>
  <oggetto>Grafico a Torta</oggetto>
  <evento>DETTAGLI STATISTICHE</evento>
  <esito>Notificati i dettagli</esito>
</EventoDiNavigazioneGUI>

<EventoDiNavigazioneGUI>
  <timestamp>21 febbraio 2019 18:06:19.22</timestamp>
  <indirizzoIP>196.0.0.2</indirizzoIP>
  <oggetto>Istogramma</oggetto>
  <evento>DETTAGLI STATISTICHE</evento>
  <esito>Notificati i dettagli</esito>
</EventoDiNavigazioneGUI>

<EventoDiNavigazioneGUI>
  <timestamp>21 febbraio 2019 18:06:19.57</timestamp>
  <indirizzoIP>196.0.0.2</indirizzoIP>
  <oggetto>Istogramma</oggetto>
  <evento>DETTAGLI STATISTICHE</evento>
  <esito>Notificati i dettagli</esito>
</EventoDiNavigazioneGUI>

<EventoDiNavigazioneGUI>
  <timestamp>21 febbraio 2019 18:06:19.89</timestamp>
  <indirizzoIP>196.0.0.2</indirizzoIP>
  <oggetto>Istogramma</oggetto>
  <evento>DETTAGLI STATISTICHE</evento>
  <esito>Notificati i dettagli</esito>
</EventoDiNavigazioneGUI>

<EventoDiNavigazioneGUI>
  <timestamp>21 febbraio 2019 18:06:22.26</timestamp>
  <indirizzoIP>196.0.0.2</indirizzoIP>
  <oggetto>ComboBox Scelta Locale</oggetto>
  <evento>AGGIORNA STATISTICHE</evento>
  <esito>Statistiche Aggiornate</esito>
</EventoDiNavigazioneGUI>

<EventoDiNavigazioneGUI>
  <timestamp>21 febbraio 2019 18:06:28.39</timestamp>
  <indirizzoIP>196.0.0.2</indirizzoIP>
  <oggetto>Finestra</oggetto>
  <evento>CHIUSURA</evento>
  <esito>Applicazione chiusa con successo</esito>
</EventoDiNavigazioneGUI>

<EventoDiNavigazioneGUI>
  <timestamp>21 febbraio 2019 18:06:43.34</timestamp>
  <indirizzoIP>196.0.0.2</indirizzoIP>
  <oggetto>Finestra</oggetto>
  <evento>APERTURA</evento>
  <esito>Applicazione avviata con successo</esito>
</EventoDiNavigazioneGUI>

<EventoDiNavigazioneGUI>
  <timestamp>21 febbraio 2019 18:07:10.11</timestamp>
  <indirizzoIP>196.0.0.2</indirizzoIP>
  <oggetto>Bottone Inserimento Affitto</oggetto>
  <evento>INSERISCI AFFITTO</evento>
  <esito>Affitto inserito con successo</esito>
</EventoDiNavigazioneGUI>

<EventoDiNavigazioneGUI>
  <timestamp>21 febbraio 2019 18:07:14.32</timestamp>
  <indirizzoIP>196.0.0.2</indirizzoIP>
  <oggetto>ComboBox Scelta Locale</oggetto>
  <evento>AGGIORNA STATISTICHE</evento>
  <esito>Statistiche Aggiornate</esito>
</EventoDiNavigazioneGUI>

<EventoDiNavigazioneGUI>
  <timestamp>21 febbraio 2019 18:07:16.83</timestamp>
  <indirizzoIP>196.0.0.2</indirizzoIP>
  <oggetto>Tabella affitti</oggetto>
  <evento>SELEZIONE RIGA</evento>
  <esito>Riga della tabella selezionata</esito>
</EventoDiNavigazioneGUI>

<EventoDiNavigazioneGUI>
  <timestamp>21 febbraio 2019 18:07:17.80</timestamp>
  <indirizzoIP>196.0.0.2</indirizzoIP>
  <oggetto>
Prenotazione eliminata con successo</oggetto>
  <evento>ELIMINA PRENOTAZIONE</evento>
  <esito>Affitto eliminato con successo</esito>
</EventoDiNavigazioneGUI>

<EventoDiNavigazioneGUI>
  <timestamp>21 febbraio 2019 18:07:24.15</timestamp>
  <indirizzoIP>196.0.0.2</indirizzoIP>
  <oggetto>Finestra</oggetto>
  <evento>CHIUSURA</evento>
  <esito>Applicazione chiusa con successo</esito>
</EventoDiNavigazioneGUI>

<EventoDiNavigazioneGUI>
  <timestamp>21 febbraio 2019 18:07:56.06</timestamp>
  <indirizzoIP>196.0.0.2</indirizzoIP>
  <oggetto>Finestra</oggetto>
  <evento>APERTURA</evento>
  <esito>Applicazione avviata con successo</esito>
</EventoDiNavigazioneGUI>

<EventoDiNavigazioneGUI>
  <timestamp>21 febbraio 2019 18:08:07.08</timestamp>
  <indirizzoIP>196.0.0.2</indirizzoIP>
  <oggetto>Finestra</oggetto>
  <evento>CHIUSURA</evento>
  <esito>Applicazione chiusa con successo</esito>
</EventoDiNavigazioneGUI>
